{
  "dataset": {
    "name": "sklearn digits",
    "samples": 1797,
    "classes": 10,
    "image_shape": [
      8,
      8
    ]
  },
  "baseline": {
    "clean_acc": 0.9666666666666667,
    "clean_f1": 0.9664929318441253,
    "fgsm_acc": 0.2111111111111111,
    "pgd_acc": 0.002777777777777778
  },
  "robust": {
    "clean_acc": 0.9638888888888889,
    "clean_f1": 0.9633688004291902,
    "fgsm_acc": 0.5888888888888889,
    "pgd_acc": 0.30277777777777776
  }
}